lam,x_i,x_f,seed,best,K_ml_re,K_ml_im,abs_K_ml,std_err,final_loss,ess_n,K_basis_re,K_basis_im,abs_K_basis,K_basis_unc,rel_diff_ml_basis,K_mehler_re,K_mehler_im,N,T,m,omega,eps,rank,epochs,time_s
1,0,0,42,N,1.9091516905381583e+00,-3.5230078605475947e+00,4.0070493586883664e+00,5.696142e-03,2.885458e-01,0.829240,-7.5384195005925525e-01,-5.7093562990802893e-01,9.4564537706669860e-01,1.050461e-01,4.204229e+00,4.1836667621661972e-01,-4.1836667621661966e-01,16,1.0,1.0,2,0.01,8,15000,1151.1
1,0,0,45,N,4.4696205719755377e-01,-1.7595615717556756e-01,4.8034950798586479e-01,2.342916e-05,2.986826e-02,0.999774,-7.5384195005925525e-01,-5.7093562990802893e-01,9.4564537706669860e-01,1.050461e-01,1.336755e+00,4.1836667621661972e-01,-4.1836667621661966e-01,16,1.0,1.0,2,0.01,8,15000,1352.0
1,0,0,99,N,-4.2991502953449107e-01,1.8508945723258102e-01,4.6806520891676384e-01,2.177364e-05,2.872554e-02,0.999814,-7.5384195005925525e-01,-5.7093562990802893e-01,9.4564537706669860e-01,1.050461e-01,8.697740e-01,4.1836667621661972e-01,-4.1836667621661966e-01,16,1.0,1.0,2,0.01,8,15000,1344.4
1,0,0,123,N,-4.6956010974021301e-01,3.2157040950382493e-01,5.6911705731571471e-01,2.508290e-05,2.920535e-02,0.999764,-7.5384195005925525e-01,-5.7093562990802893e-01,9.4564537706669860e-01,1.050461e-01,9.905271e-01,4.1836667621661972e-01,-4.1836667621661966e-01,16,1.0,1.0,2,0.01,8,15000,1343.4
1,0,0,2024,Y,6.6776573534109085e-01,-1.0190864734761609e-01,6.7549718704066308e-01,4.575791e-05,2.861379e-02,0.999552,-7.5384195005925525e-01,-5.7093562990802893e-01,9.4564537706669860e-01,1.050461e-01,1.583027e+00,4.1836667621661972e-01,-4.1836667621661966e-01,16,1.0,1.0,2,0.01,8,15000,1348.9
