lam,x_i,x_f,seed,best,K_ml_re,K_ml_im,abs_K_ml,std_err,final_loss,ess_n,K_basis_re,K_basis_im,abs_K_basis,K_basis_unc,rel_diff_ml_basis,K_mehler_re,K_mehler_im,N,T,m,omega,eps,rank,epochs,time_s
1,0,0,42,N,1.909151691,-3.523007861,4.007049359,0.005696142,0.2885458,0.82924,-7.54E-01,-5.71E-01,9.46E-01,1.05E-01,4.20E+00,4.18E-01,-4.18E-01,16,1,1,2,0.01,8,15000,1151.1
1,0,0,45,N,0.446962057,-0.175956157,0.480349508,2.34292E-05,0.02986826,0.999774,-7.54E-01,-5.71E-01,9.46E-01,1.05E-01,1.34E+00,4.18E-01,-4.18E-01,16,1,1,2,0.01,8,15000,1352
1,0,0,99,N,-0.42991503,0.185089457,0.468065209,2.17736E-05,0.02872554,0.999814,-7.54E-01,-5.71E-01,9.46E-01,1.05E-01,8.70E-01,4.18E-01,-4.18E-01,16,1,1,2,0.01,8,15000,1344.4
1,0,0,123,N,-0.46956011,0.32157041,0.569117057,2.50829E-05,0.02920535,0.999764,-7.54E-01,-5.71E-01,9.46E-01,1.05E-01,9.91E-01,4.18E-01,-4.18E-01,16,1,1,2,0.01,8,15000,1343.4
1,0,0,2024,Y,0.667765735,-0.101908647,0.675497187,4.57579E-05,0.02861379,0.999552,-7.54E-01,-5.71E-01,9.46E-01,1.05E-01,1.58E+00,4.18E-01,-4.18E-01,16,1,1,2,0.01,8,15000,1348.9
