lam,x_i,x_f,K_re,K_im,abs_K,std_err,final_loss,ess_n,N,T,m,omega,eps,rank,epochs,time_s
0.5,0.5,0,4.2400585052399287e-01,-2.9904715092722223e-01,5.1885466149612980e-01,1.359412e-05,6.568017e-05,0.999925,16,1.0,1.0,2.0,0.01,8,15000,396.3
4,0.5,0,-1.4373900099168837e+00,-5.0016122977285538e-01,1.5219235514232488e+00,2.633621e-04,3.152875e-03,0.996791,16,1.0,1.0,2.0,0.01,8,15000,376.0
