x_i,x_f,lam,check_name,value_ML,value_ref,rel_error,passed
0,0,0.0,Chapman-Kolmogorov,8.0477323553e-03,8.0477323553e-03,6.466630e-15,Y
0,0,0.0,Spectral_E0,5.0000000000e-01,5.0000000000e-01,1.554312e-15,Y
0,0,0.0,x2_thermal,5.0020350978e-01,5.0020350978e-01,2.219543e-16,Y
0,0,0.05,Chapman-Kolmogorov,7.5538208369e-03,7.5538208369e-03,6.544982e-15,Y
0,0,0.05,Spectral_E0,5.0900050031e-01,5.0900050031e-01,1.744946e-15,Y
0,0,0.05,x2_thermal,4.8316972310e-01,4.8316972310e-01,3.446686e-16,Y
0,0,0.1,Chapman-Kolmogorov,7.1182284990e-03,7.1182284990e-03,6.214390e-15,Y
0,0,0.1,Spectral_E0,5.1736484863e-01,5.1736484863e-01,1.287551e-15,Y
0,0,0.1,x2_thermal,4.6891906598e-01,4.6891906598e-01,2.367622e-16,Y
